CPF,primeiro_nome,ultimo_nome,sexo,idade
30903958926,Bonny,Fenn,Female,10
75089228758,Guthrey,Casillas,Male,19
73773453142,Petr,Vasiliu,Male,34
53843929907,Jareb,Chalmers,Male,100
70555038779,Ethelred,Simcox,Male,18
61489384701,Laurene,Wigmore,Female,63
46012310680,Karlotta,Challenor,Female,96
26708069487,Corella,Jeafferson,Female,7
98329295885,Aguste,Loche,Male,98
40774612870,Cordula,Hadrill,Female,10
08863762660,Andris,Cisland,Male,66
19760772595,Phyllis,Hollerin,Female,77
20362629039,Merilyn,Olexa,Female,71
68060402321,Raynor,von Hagt,Male,31
86122441271,Etheline,Ebrall,Female,81
83945732451,Vic,Tidridge,Male,11
58033195760,Brit,Claire,Male,94
15251408397,Alley,Renney,Male,5
86397141428,Lezlie,Twelvetree,Female,62
05280864934,Eveline,Liptrot,Female,33
53711732704,Charlene,Fyers,Female,34
64066695727,Johnathon,Colclough,Male,7
33956000863,Birk,Icke,Male,34
26025473531,Calvin,Wardhaugh,Male,80
45413856254,Rafael,Bolles,Male,40
89456532826,Raddy,Larway,Male,34
98353290073,Jamima,Casbon,Female,44
22251012949,Garnet,Darlison,Female,34
81520227590,Franzen,Micklem,Male,9
36699614572,Joyan,Garfield,Female,33
03469847575,Barret,Haydock,Male,66
03839731229,Vick,Banford,Male,24
18419292152,Charmain,Thurstance,Female,97
40969317590,Neill,Padden,Male,8
50062102924,Edna,Martel,Female,3
23960191447,Ennis,Deevey,Male,70
39512253834,Pebrook,Froment,Male,42
39303130221,Geordie,Delyth,Male,95
42910966913,Melania,Latchmore,Female,39
03856451999,Scottie,Cromb,Male,9
79617276926,Lavinia,Westphal,Female,28
48877634380,Myles,Waterfield,Male,89
03502678441,Romona,Feige,Female,38
29839704580,Roxanna,Ludlamme,Female,98
25826327147,Kitty,Drugan,Female,31
64083675780,Gerda,Stallibrass,Female,46
39198067990,Karlyn,Lampart,Female,17
99292680127,Bobine,Lory,Female,14
91100817830,Addy,Durrell,Male,62
70040777349,Nelli,Billingsly,Female,25
87221138233,Griffith,De Vaan,Male,47
24495743837,Siobhan,Baumadier,Female,60
13701365149,Stavro,Siddaley,Male,68
03708680444,Morgen,O'Neal,Male,3
72050612817,Selie,Croad,Female,87
42329362785,Caryl,Bowmen,Male,51
55834128645,Kylynn,Ricarde,Female,70
33786119448,Nicki,Shellsheere,Female,88
34131553131,Nobie,Manger,Male,6
75241184977,Celia,Cawdron,Female,84
63545352800,Germaine,Ebdin,Male,75
53109545769,Kirsteni,Adderley,Female,19
97125298656,Archibaldo,Heiton,Male,61
96758721033,Florella,Parnham,Female,98
24134425790,Tait,Bon,Male,44
73996355243,Griffith,Sanpere,Male,100
39025894438,Lorianna,Kingzeth,Female,2
75741223930,Sunshine,Winskill,Female,50
67532831499,Blair,Polgreen,Male,10
25994042284,Shae,Benbough,Male,5
06255872879,Maddie,Plumbe,Male,55
60915493141,Angeline,Vlahos,Female,28
72454451768,Coleman,Flaune,Male,43
53480862964,Arlen,Ferries,Male,71
17491138651,Lilian,Waylett,Female,21
58674121195,Benjamin,Regnard,Male,2
69986847611,Eugenia,Borsnall,Female,23
01362611092,Sayre,Greggersen,Male,15
06789165059,Reidar,Winthrop,Male,34
41825778014,Annette,McCuish,Female,3
10140928112,Cory,Heater,Male,84
28148639611,Javier,Pechacek,Male,35
61964949358,James,Meiklejohn,Male,70
09163495202,Jessalin,Dorkin,Female,22
95914897567,Claudia,Izakson,Female,75
60979683269,Allayne,Gainforth,Male,12
52019142767,Torrance,Donkersley,Male,16
89704087737,Emile,Watting,Male,32
62553120356,Any,Jankowski,Male,100
52155472452,Kennith,McLafferty,Male,89
73888392117,Jaime,Yakovich,Male,11
71259403945,Marcellus,Meachem,Male,41
91713924777,Pete,Mattingson,Male,20
58421075288,Paulita,Benediktsson,Female,94
31906192172,Penny,Adie,Male,38
08357053993,Edward,Perrelle,Male,6
91517320982,Maible,Davenell,Female,19
71289427102,Lizzie,Blabey,Female,44
60991810345,Marmaduke,Leaf,Male,95
33140133745,Andy,Seaward,Male,31
53746569343,Beatrisa,Tollerton,Female,92
50875511888,Marlow,Pascow,Male,62
79418599720,Nial,Rutgers,Male,91
97155849280,Wanda,Wiltsher,Female,86
51938269757,Dick,Farriar,Male,86
50906356618,Adey,Redmore,Female,35
20824204420,Clemente,Sargood,Male,44
88655180183,Sorcha,Manhare,Female,83
88959552501,Margarette,Balfour,Female,74
30355762987,Derby,Nisard,Male,80
26106876437,Averil,Pawellek,Male,20
15873067484,Damon,Radsdale,Male,15
86239953100,Dyann,Tearny,Female,53
68600895535,Jaymie,Elesander,Male,62
57745972356,Stafani,Carlyle,Female,68
89024462661,Chaddie,Kobiera,Male,4
30803911024,Odelinda,Sebrens,Female,80
32202336828,Worth,Willmetts,Male,85
88086889229,Libbi,Mullaly,Female,20
26370249544,Roselin,Whiterod,Female,42
69461753337,Fred,Wetherald,Male,95
55627613619,Orlan,Moubray,Male,59
99700665633,Lutero,Navarro,Male,81
02862327908,Adrian,Grebner,Female,53
82125877944,Etty,Brixey,Female,99
51062879617,Umberto,Kunzel,Male,9
38441382325,Elianore,Boon,Female,5
15912831367,Gawain,Bettinson,Male,50
73773639660,Tully,Pauls,Male,22
80407856886,Arabele,McPhelim,Female,95
41925551980,Chauncey,Burness,Male,9
19591462670,Adey,Predohl,Female,48
29792769057,Vail,Hattoe,Male,20
77521182135,Floria,Purvess,Female,70
97453426798,Gerianna,Scamadin,Female,92
10009150365,Gerhardt,Jandera,Male,8
22543326430,Nanci,Cheetam,Female,32
03015015561,Jamima,Cherrie,Female,94
84134216636,Ned,Carress,Male,40
60155232054,Somerset,Brendish,Male,26
83996342635,Shayne,Olander,Male,38
06685284820,Dianna,Sante,Female,17
44666399990,Maddalena,Kaine,Female,28
97627302856,Sigfried,Fairholme,Male,57
00637857609,Evangelina,Esson,Female,1
70254188884,Zaccaria,Fishley,Male,46
59544077141,Abbot,Matteucci,Male,72
13682698233,Tatiania,Hartshorne,Female,53
01043447222,Rudie,Barke,Male,46
30174690614,Bertrand,Marklew,Male,96
71215849575,Lira,Stewartson,Female,20
07357552841,Teirtza,MacBean,Female,29
81897564452,Miguela,Jeannesson,Female,67
20158038340,Padraic,Pacher,Male,75
19236673718,Alessandro,Buckberry,Male,11
67597669800,Sawyere,Montilla,Male,45
80400410564,Jarad,Larver,Male,4
54595522614,Burl,Seint,Male,3
22546753441,Aurie,Farnish,Female,82
29974327399,Donalt,Stubbington,Male,32
51053387798,Xerxes,Whistan,Male,46
46329508111,Barrie,Aleksich,Female,2
97538000627,Enriqueta,Grandison,Female,45
39327593004,Melisa,Orrom,Female,26
17666042066,Filbert,Scolland,Male,60
62420736327,Nanine,Onslow,Female,91
50681429654,Pooh,Topaz,Male,23
58631470868,Gates,Cicchitello,Female,29
05041469332,Aura,Ismay,Female,77
53327377595,Sigrid,Earney,Female,38
45994463352,Vinnie,Pordall,Female,99
65561024698,Truman,Dunsford,Male,65
50264996239,Jerrold,Simnett,Male,75
61056620239,Eirena,Eate,Female,80
23788641679,Aviva,Pantry,Female,27
38195894368,Codi,Mengue,Male,84
61376750815,Janis,Carnock,Female,43
38785112605,Andrew,Degue,Male,36
31787582602,Kim,Hammerberger,Male,77
29251975078,Caren,Bottrill,Female,76
59532888501,Imogen,Frost,Female,79
94347668085,Lucais,Coggill,Male,89
64666187787,Pren,Isitt,Male,27
27191749895,Cherey,Ruegg,Female,68
94582318681,Monroe,Tebbet,Male,18
27643807789,Marjy,Brodhead,Female,56
31402987504,Mina,Mil,Female,83
07823253598,Brunhilde,Ferruzzi,Female,41
65403889653,Gill,Applewhite,Female,84
13092009982,Marylynne,Blazewicz,Female,13
35884730796,Roanne,Komorowski,Female,29
03492061077,Maudie,Klossek,Female,92
52973858524,Von,De Beneditti,Male,57
42554173372,Wendeline,Woolam,Female,29
57268874482,Carolyn,De Cruze,Female,90
07167012383,Binni,Mohring,Female,41
97047582156,Katharina,Tredget,Female,25
14634418961,Teresita,Gajownik,Female,48
43652848975,Tracey,Stickells,Female,43
52658822947,Sile,Wallbrook,Female,46
69418984685,Philbert,Alway,Male,1
13570096932,Oona,Polly,Female,17
39112833100,Wanids,Bradder,Female,7
83395451455,Franchot,Kirwan,Male,78
63041570413,Maiga,Hapgood,Female,76
75083820979,Anita,Casarili,Female,7
58624955054,Stephannie,Lyle,Female,52
29738105131,Hildegaard,Oldacre,Female,43
89571462258,Hew,Cornau,Male,46
81926695185,Avigdor,Connealy,Male,37
64116338687,Forbes,Gaunt,Male,83
97547496045,Wylie,Jepensen,Male,14
36295151860,Ward,Teece,Male,37
77850176263,Shepherd,Durkin,Male,27
00367954663,Cale,MacTurlough,Male,79
02658716550,Vince,Berthot,Male,49
10883281555,Willi,Slate,Male,89
50758253249,Bernita,Vinecombe,Female,49
57562021983,Carri,Szanto,Female,8
05678892696,Julian,Slaney,Male,74
35234888421,Avrom,Winscomb,Male,94
44672822100,Royce,Jellyman,Male,62
63426448988,Raul,Revington,Male,84
82922436275,Karola,Attenbrough,Female,92
25079484196,Sax,Rubanenko,Male,35
76494165658,Brigida,Cryer,Female,98
90661573816,Ferne,Enterlein,Female,67
60220073984,Nanny,Delamere,Female,82
14781954808,Claretta,Zink,Female,80
90118261860,Roosevelt,Bentham,Male,36
48135269759,Alfreda,Vannoni,Female,41
22466945791,Giselbert,Astlet,Male,50
95860700926,Ruddy,Screen,Male,35
61363531533,Sada,Yurevich,Female,26
87513886866,Lazaro,Huegett,Male,94
88554259409,Masha,Bedlington,Female,30
33525333631,Onfroi,Daish,Male,45
44667822755,Andonis,Sisey,Male,55
45947572048,Courtnay,Redfern,Male,92
40929708689,Joeann,Loblie,Female,47
55606488157,Rowe,Abys,Female,10
33958300059,Ody,Finn,Male,87
36046617721,Melisandra,Barefoot,Female,80
76343520588,Weber,Benge,Male,22
19066430575,Heinrick,Giamelli,Male,38
46889323379,Lek,Gresley,Male,38
56726369576,Lothaire,Buterton,Male,60
55227075322,Sigvard,Guarnier,Male,36
28824968466,Gilbert,Cicchetto,Male,97
72595200350,Guglielmo,McCorkindale,Male,85
11002836811,Sibby,Tomisch,Female,8
53672874870,Ardra,Maffioni,Female,87
40958742359,Evonne,Shalcros,Female,39
45216338806,Miller,Liepins,Male,20
95850920630,Christabel,Chamney,Female,12
34864964442,April,Rodrigues,Female,50
63575895169,Kaja,Mulvenna,Female,6
68289316480,Kayne,Guiett,Male,15
61940568257,Chalmers,Das,Male,55
23240890276,Lulu,Couttes,Female,88
55235164552,Gilberte,Isgate,Female,23
92885103038,Cosetta,Allen,Female,94
97158213682,Neill,Piffe,Male,28
21014820704,Rosmunda,Robley,Female,43
40523988151,Hieronymus,Theyer,Male,65
08016211534,Dmitri,Stolze,Male,56
13010134688,Boonie,Bettington,Male,37
27941436538,Yuma,Penrice,Male,1
79251678105,Germain,Buret,Male,52
88628296293,Kai,Dacres,Female,63
67026292344,Luis,Chestle,Male,94
49007142489,Rennie,Bruniges,Female,46
04770047278,Alexine,Jannex,Female,56
65355002693,Monika,Leitch,Female,44
15206784471,Felike,Poor,Male,100
74913411482,Fletch,Sybbe,Male,80
03339906289,Christophorus,Foad,Male,32
40281427653,Tarrance,Dunkirk,Male,5
29520947632,Monika,Whysall,Female,4
98295401151,Lou,Pottery,Female,95
86409147658,Marji,Rolingson,Female,15
99602436136,Lucho,Pinel,Male,88
92049648673,Kristy,Abrahamsen,Female,82
18273080416,Shelly,Tregien,Female,94
13035997937,Reynolds,Pratton,Male,100
14059505940,Letitia,Zarfai,Female,95
23171454074,Cacilie,O'Crigan,Female,10
19778565713,Sisely,Eykelhof,Female,24
83162132155,Colline,Skeffington,Female,78
58225159095,Adi,Capner,Female,37
86192456697,Charleen,Eshelby,Female,67
63535263287,Patrice,Gumm,Female,49
32259795627,Morna,Jahan,Female,68
92768226374,Rosemaria,Jovic,Female,86
98698634933,Onofredo,Gladtbach,Male,72
10149280047,Onfre,Nana,Male,35
24421022206,Fifi,Pietz,Female,34
51077707477,Devi,Blincowe,Female,45
92487914337,Adriana,Antonioni,Female,65
44055651574,Nathanial,Oglevie,Male,80
45290131965,Steven,Plummer,Male,97
44655049569,Herb,Denning,Male,17
10174699069,Cordie,Trynor,Female,48
14380693510,Demetria,Ivankov,Female,9
50237636988,Wells,Mustchin,Male,100
85962142030,Gordie,Segges,Male,78
78921527277,Winne,Dearnly,Female,74
62246554370,Vernor,Sive,Male,49
98696035724,Davidde,Horley,Male,21
51347941050,Corina,Woodeson,Female,87
24447333336,Betteann,Comport,Female,17
55440631044,Leanor,Litherborough,Female,17
70438782175,Betta,Melling,Female,1
61287363865,Garik,Jantet,Male,64
75664949869,Dorella,Caseri,Female,6
98360673104,Lotti,Budd,Female,29
45839270559,Noreen,Berridge,Female,5
08264900669,Alejandra,Bineham,Female,28
68437317035,Dylan,Gritten,Male,66
98597494144,Marla,Colby,Female,28
79181377113,Brien,Mesant,Male,69
88190250990,Lurlene,O'Flynn,Female,82
19889178323,Carlita,Hylden,Female,31
95540126515,Mitch,Willcott,Male,15
77089635505,Chelsae,Knibbs,Female,5
79360504898,Astrix,Rubee,Female,51
49838838772,Brendin,Baudacci,Male,18
29127595136,Matthieu,Katt,Male,60
62755904176,Tommy,Hrycek,Female,77
53290571722,Rickard,Loins,Male,18
18469844143,Olympia,Delafont,Female,15
59507819554,Wheeler,Hawkey,Male,34
64957745893,Patin,Heppenspall,Male,20
25926268574,Frants,Febry,Male,74
40265757345,Armand,Odger,Male,91
63244195007,Kevin,Preedy,Male,33
82344475111,Marysa,Bugbird,Female,13
47461448360,Blancha,Genny,Female,23
92675633754,Jennilee,Ewles,Female,26
99203356751,Ivette,Ligerton,Female,88
16967075319,Callie,Tesoe,Female,74
23334740928,Alexandre,Earland,Male,15
00299067775,Gwendolin,Dulwitch,Female,24
88616236848,Dom,Furmenger,Male,10
04448172923,Rob,Jobke,Male,9
76773196609,Cymbre,De Giovanni,Female,22
97446910671,Bern,Largent,Male,68
08095463656,Wiatt,Swiffen,Male,62
12767367942,Rosamund,Lishmund,Female,72
19982184324,Judy,Isworth,Female,30
32672616067,Jade,Leedal,Female,31
94610553160,Gavrielle,Clemmen,Female,59
35182856217,Tito,Kegg,Male,67
49487114355,Lorrayne,Bartels,Female,33
89143644616,Ellyn,Cumming,Female,3
74988628287,Harwell,Kibbel,Male,77
35239840985,Melodie,Howard,Female,29
04784472593,Hagan,Giraudy,Male,51
27111209731,Queenie,Heathorn,Female,16
32874564152,Gregorius,Wigmore,Male,15
04593469047,Constancia,Syms,Female,14
04037799364,Ettore,Norheny,Male,8
93089025188,Etienne,Steiner,Male,93
66079046491,Godfree,Rothera,Male,34
75204714213,Bernie,Breit,Male,93
10940594913,Salomon,Elcoux,Male,7
05277826630,Elijah,Hartmann,Male,5
47995827693,Martina,MacLaren,Female,2
66249014048,Octavius,Yeend,Male,72
51278407419,Leicester,Zanini,Male,58
63231368923,Lucita,Erskine Sandys,Female,16
35265639269,Van,Paul,Female,61
75817356590,Morissa,Frane,Female,97
03689972029,Kata,Swaile,Female,87
07922865366,Melisa,MacCrann,Female,45
11739089671,Abbi,Badini,Female,48
26385108070,Moll,Pauletti,Female,54
66158845831,Lynea,Durdle,Female,11
17309031315,Hesther,Coxhell,Female,54
54832743435,Kevan,Pagen,Male,46
44141303886,Jannel,Antoniewicz,Female,32
13773334799,Cleo,Stoute,Female,45
58994537846,Constantine,Offer,Male,68
14130640650,Eli,Byfford,Male,68
09143459896,Em,Timmes,Female,2
48888544405,Jerrilee,Putley,Female,59
53026362432,Maryanna,Dunniom,Female,85
35588185268,Meridith,Bodley,Female,25
85379514721,Lauri,Ebbin,Female,6
59078531539,Patti,Minshall,Female,78
09630919649,Alfonse,Cowope,Male,25
11099469521,Allina,Bladen,Female,41
84595003306,Creight,Stearn,Male,20
16731537520,Ambros,Golly,Male,87
18650826542,Court,Marriott,Male,74
18610012916,Tedie,Crilley,Male,93
65422472952,Loy,McLarnon,Male,65
67410096598,Letisha,Dyson,Female,31
41335454085,Derry,Rickards,Male,21
50951338984,Vidovik,Kinder,Male,75
31904326562,Javier,Ruffey,Male,18
66077680939,Ernestus,Sitch,Male,39
68512274784,Zebulen,Overstall,Male,33
84180771306,Abrahan,Ramshay,Male,100
87394074940,Constantin,Humbell,Male,97
07395585517,Liesa,Kleinstub,Female,67
27141316646,Halsy,Milliken,Male,88
54106233785,Jorey,Haddinton,Female,8
35112833491,Fin,Whitehouse,Male,52
66267081921,Elmo,Pyffe,Male,6
15206715474,Holli,Husher,Female,11
38056516454,Uriah,Tadman,Male,95
52329149998,Pyotr,Mollnar,Male,34
02910408047,Phineas,Murrigan,Male,98
17109188935,Tommy,Salkild,Male,85
71453822297,Nellie,Basset,Female,26
01718102738,Roseanna,Dominec,Female,68
12689597066,Vernice,Trenam,Female,24
22800678067,Herschel,Basson,Male,7
31706692668,Ezekiel,Bortolotti,Male,96
83302422084,Yardley,Bee,Male,28
60658912908,Ellene,Gymblett,Female,5
72661221027,Moll,Kaplin,Female,16
72075581994,Filia,Smurfit,Female,9
66313148320,Ab,Besse,Male,13
24540595114,Sharl,Sonley,Female,30
86989330936,Mabel,Hamberston,Female,27
85834198496,James,Ricson,Male,96
74184314754,Basia,Bester,Female,76
18941241668,Isidore,Nesfield,Male,83
68486521407,Gwendolin,O'Cullinane,Female,13
21370986404,Bart,Stigers,Male,15
24885856294,Jackie,Shory,Male,37
87183856787,Izzy,Skaid,Male,22
54511401660,Mareah,Kobke,Female,67
64479293322,Amandie,O'Canavan,Female,89
10592622915,Wernher,Krollmann,Male,68
25865818157,Nicola,Petrashkov,Male,91
14019694582,Floria,Britch,Female,64
29027733870,Klemens,Kearn,Male,28
24490128003,Kerby,Ivankin,Male,14
31394244778,Bria,De Souza,Female,56
60125568714,Kingston,Roskrug,Male,33
72673273556,Rasia,Bellham,Female,78
56356781918,Hasty,Tunmore,Male,40
79662994783,Lyndsey,Sempill,Female,88
62403259533,Tybie,Agron,Female,30
51563166294,Taite,Ivimy,Male,85
63712666564,Charlot,Demeter,Female,41
41115322481,Alfreda,Minshaw,Female,48
81802290282,Silvio,Moohan,Male,35
96420832792,Maison,Wasielewicz,Male,71
82688280307,Bevan,Woolvin,Male,22
27056616400,Amby,Brosio,Male,20
85900863486,Mavra,Fredi,Female,82
61425491835,Kingsley,McKirdy,Male,21
83041055329,Shoshanna,Sketchley,Female,32
08693869215,Charmion,Fairhall,Female,92
70226215354,Gard,Melody,Male,83
98749584192,Estele,Lusher,Female,66
58925941175,Filberte,Filintsev,Male,40
79034128722,Natalee,Peche,Female,48
46471777940,Babbette,Boorne,Female,96
46238335454,Ronnie,Butting,Female,90
35647711115,Gerianna,Carberry,Female,25
33616453765,Liza,Kightly,Female,84
11124573704,Marco,Heis,Male,15
74995923492,Fairfax,Bulch,Male,5
04598429566,Angelo,Remirez,Male,10
14296745414,Dotti,Richford,Female,90
11881443576,Wini,Kohnemann,Female,20
48787849244,Phillip,Mapham,Male,91
74031213738,Natal,Osgorby,Male,28
69525138770,Elspeth,O'Fielly,Female,56
01535173363,Vergil,Gotcher,Male,14
42517190902,Joline,Spore,Female,70
47486757820,Palm,Braganca,Male,23
94894045809,Morgen,Tuerena,Female,66
70545553904,Shurlock,Dreelan,Male,45
87857060035,Arnie,Buche,Male,95
64448063862,Hynda,Lepope,Female,43
81289444797,Rurik,Lorait,Male,53
60665796812,Lennard,Diche,Male,39
22602120345,Nilson,Gossop,Male,59
77212951378,Turner,Goublier,Male,19
53289942618,Kalila,Benning,Female,19
44218593170,Nady,Cartwight,Female,43
54850710945,Chrissie,Duthie,Female,47
64870016603,Burgess,Pendlebury,Male,37
58520015699,Faulkner,Jerrolt,Male,18
92515318225,Ardine,Collar,Female,59
57367805620,Georgianne,Davydychev,Female,58
21330380364,Hazel,Robertz,Female,99
32133612861,Munmro,Fosh,Male,45
55150599286,Zaccaria,McGrae,Male,47
88445482725,Germayne,Bradburn,Male,88
51125307686,Jada,Burwell,Female,36
92447172079,Toddie,Dandy,Male,24
92072229703,Major,Franzewitch,Male,4
73424526310,Joice,Jaquet,Female,37
98034462447,Ainslee,Howerd,Female,94
52390625896,Rea,Peasegood,Female,28
41903601659,Duffy,Withull,Male,100
94911365319,Minerva,Swatton,Female,94
24460607218,Rutherford,Batchelder,Male,30
12222604263,Valene,Pirdy,Female,90
16290818208,Eldredge,Bunnell,Male,29
56746308107,Silvan,Noye,Male,37
39544625304,Stefa,Switsur,Female,32
20841480406,Bettina,Kovelmann,Female,31
85295128417,Cornall,Eadie,Male,8
44112353039,Benedicto,Olek,Male,79
01646680949,Tawnya,Larrie,Female,88
79916617079,Harrietta,Canaan,Female,73
26815062812,Moselle,Ingliby,Female,82
27297118857,Lettie,Hambatch,Female,94
87068704855,Lory,Heatley,Female,67
09499995033,Durant,Helbeck,Male,40
77598594718,Gertruda,Tacon,Female,12
91820788535,Clayborn,Hattam,Male,83
82128859373,Ana,Evans,Female,26
23935626399,Dun,Hasker,Male,71
27686913556,Matias,Clutton,Male,28
53350510641,Had,Kilbride,Male,38
70603190762,Ariel,Gilbart,Female,96
83889306669,Wynnie,Van Waadenburg,Female,25
36528637933,Rodi,Willford,Female,96
85535716381,Andrus,McLewd,Male,90
15398389856,Katrina,Feaks,Female,12
40611998975,Salmon,Spitaro,Male,7
52005717651,Elbert,Deaves,Male,66
04492973115,Janie,Mandeville,Female,92
71105909255,Ric,Duham,Male,48
53228290005,Davina,Toop,Female,100
66232979753,Mariann,Sumnall,Female,69
37404928090,Miran,Gierok,Female,35
33565799933,Allis,Effnert,Female,17
02752902222,Elwood,Greated,Male,41
10502983217,Laurie,Pearcy,Female,41
92384324525,Madeline,Perton,Female,44
96608308196,Kyle,Ainsby,Female,5
72614341090,Morlee,Raulin,Male,13
48510653624,Kiah,Ternault,Female,3
19801628279,Tyrus,Davitashvili,Male,94
51311569339,Camille,Stampfer,Female,18
58219842101,Fanny,Hainge,Female,35
41445492459,Andree,Beri,Female,68
51286950298,Suzi,Kob,Female,54
86295739042,Stanislas,Terry,Male,32
56165030855,Cassi,Renak,Female,50
13167979832,Elnora,Inglesent,Female,11
54853803767,Carlee,Frensche,Female,83
39889130057,Ina,Middle,Female,24
08488539129,Lindon,Housiaux,Male,97
34360364228,Row,Davidde,Female,89
28648730047,Heywood,Eberle,Male,36
77461091065,Herculie,Adderley,Male,18
63677425366,Orsola,Schusterl,Female,58
48260159435,Renaldo,Pagelsen,Male,3
78038042818,Ofella,Waite,Female,37
80563839928,Baily,O' Culligan,Male,43
83227621190,Klaus,Turnell,Male,18
33299176075,Crysta,Krugmann,Female,11
34590582914,Casper,Roselli,Male,96
30328943983,Matthias,Artindale,Male,84
22538990151,Javier,Auckland,Male,75
36211116301,Cate,Nicholes,Female,74
19813975489,Sal,Lamberts,Male,95
71189485536,Del,Labarre,Male,18
56330237723,Christiana,Duffyn,Female,32
67449034446,Irwinn,Ditt,Male,68
63146524039,Lilli,Campanelli,Female,21
13589169714,Trueman,Matushenko,Male,9
89955260596,Marielle,Leggitt,Female,67
80753966276,Revkah,Joron,Female,88
01380774138,Urbain,Vynehall,Male,76
33087176017,Nikolaos,Clougher,Male,14
40361142631,Pip,Clamp,Male,75
41888818296,Astra,Divis,Female,31
68302821845,Wolf,Snozzwell,Male,10
05916603401,Dave,Beviss,Male,49
12383062558,Bartholomeo,Ridings,Male,60
71301348429,Karoly,Bach,Male,92
01907864495,Raynor,Blacklawe,Male,70
42160518625,Byrann,Bonnier,Male,90
64700344037,Max,Gourlay,Male,59
34568222570,Alyson,Scamp,Female,34
47053185889,Cary,Chasteney,Female,99
04523210248,Zolly,Ruffle,Male,6
79339388559,Donnie,Seater,Male,37
16364674417,Rollins,O' Connell,Male,50
09354422883,Oralle,Carpe,Female,34
21654609094,Hogan,Dable,Male,48
27033144291,Correy,Plummer,Female,14
67414466756,Margret,Corradi,Female,27
58848759072,Iseabal,Randlesome,Female,67
17820177255,Tanney,Kemell,Male,66
28813258847,Dosi,Casetti,Female,41
00575803853,Dusty,Nial,Female,42
59669190195,Darnall,Dell Casa,Male,78
33680894142,Daryle,Kaley,Male,23
23649387970,Jordanna,Goodsell,Female,37
51459534203,Kerby,Arnell,Male,2
74130073614,Zared,Rival,Male,37
59005867119,Joana,Critcher,Female,26
99533422576,Yuma,Obert,Male,98
87891413312,Birgitta,Fennell,Female,45
66964163344,Malena,Arlow,Female,55
33827384758,Winfield,Josselsohn,Male,61
86162728576,Lane,Balsom,Male,30
56743261364,Cord,Chichgar,Male,39
24561815227,Adey,Moulsdall,Female,15
46958008370,Hilarius,Leeb,Male,34
14262399838,Devina,Bosomworth,Female,95
29772360717,Trisha,Cansdell,Female,27
50429017263,Jasmine,Morant,Female,26
71219336626,Arlene,Figin,Female,42
49823606762,Vassili,Norcutt,Male,83
65104575565,Jareb,Imason,Male,92
72119949805,Marco,Ebbings,Male,38
09459678786,Karissa,Corless,Female,7
85422951576,Sterne,Spelwood,Male,46
19724669102,Nyssa,Yurkevich,Female,78
51396566535,Toddy,MacKilroe,Male,61
88508128311,Danya,Ferguson,Female,14
74513737081,Lorine,Sawter,Female,11
43616908255,Rutherford,Jeffree,Male,22
19355117467,Carleton,Cawdell,Male,3
33649777360,Garek,Padgham,Male,39
45858758135,Beryle,Crackel,Female,88
12396129991,Mallissa,Tomaskov,Female,71
68831863685,Amity,Cornfield,Female,88
50892343111,Mendie,Gobel,Male,44
78155240609,Alasdair,Dods,Male,56
11887806421,Anica,Francescuccio,Female,1
56757261038,Bonnie,Sweet,Female,97
83350733406,Mata,Clench,Male,90
91881241514,Kerri,Buttler,Female,11
09228049293,Keefe,Oxe,Male,42
63533080963,Fabe,Vido,Male,99
75567915285,Juditha,Beadell,Female,25
50840701973,Rodolfo,Sparkwell,Male,63
68140839069,Willi,Ison,Male,71
69221363917,Kingston,Piesing,Male,21
73120103241,Cullie,Barbisch,Male,66
10067115533,Nedda,Attrey,Female,87
23657909306,Tara,Pasticznyk,Female,18
58855822487,Lorianna,Levington,Female,37
44639888087,Dorey,Dobrovolski,Female,21
38332508107,Myrtie,Burdoun,Female,72
21512744290,Josepha,Vickarman,Female,43
24673805637,Garnet,Rushmere,Female,36
67035929260,Nadia,Echalier,Female,10
08096725435,Jaquenette,Dowden,Female,7
64296376338,Karney,Garton,Male,81
26200228620,Ferdinande,Abry,Female,63
38494913455,Eyde,Rushbrook,Female,36
94181869616,Reade,Bygott,Male,52
27476713727,Raynell,McElrea,Female,82
69801729669,Elias,Zealy,Male,53
56468645011,Fleurette,Pennrington,Female,15
53848825680,Perceval,Pudan,Male,55
78628440509,Alfonso,MacKaig,Male,34
59875097097,Leonerd,Romanini,Male,56
05876169414,Ezra,Bonus,Male,15
55243386907,Scarface,Morrow,Male,93
65971786787,Opalina,Whitear,Female,81
63707574760,Sosanna,Stitson,Female,37
69185927591,Meggy,Manes,Female,13
85993411314,Avrit,Fosbraey,Female,37
03587861107,Hinze,Whitemarsh,Male,19
34893258092,Mayor,Renehan,Male,13
38648532548,Estella,Constanza,Female,96
93338640927,Aggie,Hazael,Female,61
72663317574,Morena,Stokell,Female,25
85396245318,Jennee,Rablin,Female,33
15306072044,Lesli,Greader,Female,33
61504342777,Morie,Dizlie,Male,76
82748637247,Barnie,Ackeroyd,Male,78
76247651865,Erie,Idale,Male,89
45854361187,Mason,Lowder,Male,36
46857762148,Rodi,Priestley,Female,6
11791743694,Ellie,Metcalfe,Female,11
66141252942,Valeria,Corro,Female,93
90086374551,Sue,Hyder,Female,24
45242361067,Paulita,Yarker,Female,59
49972539492,Zeb,Rumble,Male,37
11047964309,Christye,Wareham,Female,78
85922373009,Ema,Maseres,Female,78
63524835304,Donalt,Jeyness,Male,74
12176748591,Lilly,Mitie,Female,73
05775129838,Vasili,Hessay,Male,12
15295736665,Wayne,Wilse,Male,53
56597497412,Luz,Bosch,Female,69
07927522291,Annadiana,Ronisch,Female,32
64611490646,Lilah,Drohan,Female,32
10629104141,Lin,Dransfield,Male,89
55871962954,Antonius,Easen,Male,76
99271381827,Rafael,Deam,Male,10
97390172310,Justino,Monier,Male,64
51826452715,Sinclare,Otteridge,Male,79
12119730633,Rosabelle,Parfett,Female,87
42954725087,Marian,Watchorn,Female,87
99271030077,Isadora,Bason,Female,36
89126512043,Giulietta,Crumpe,Female,95
31839048059,Zorine,Gainforth,Female,28
15005985892,Eadmund,Halpin,Male,41
34964204066,Aurilia,Filippyev,Female,12
93736496475,Krystle,Durston,Female,16
58770779165,Prescott,Scourge,Male,69
77954980182,Rolf,Deny,Male,59
48371836457,Shane,Pellamont,Female,4
86133607114,Dalia,Eagell,Female,75
10559500563,Claire,Antony,Female,13
26725747445,Charla,McGinty,Female,63
83160283562,Patty,Fudger,Female,48
02336119840,Mill,Lanston,Male,32
19125585420,Katuscha,Lovekin,Female,76
22051114596,Sol,Tipler,Male,13
51880807811,Morton,Cleveland,Male,70
30655182779,Noelle,Bea,Female,39
50009482761,Franz,Espie,Male,55
60015177453,Ezri,Bristowe,Male,17
38647204430,Ginnifer,Fieldstone,Female,61
36721926178,Rafa,Dyter,Female,70
23516473852,Masha,Arne,Female,53
78167342923,Cammi,Aspray,Female,44
14691724339,Franciska,Tungay,Female,45
56412993236,Arlen,Tirte,Male,41
05019071428,Anastasia,Cowx,Female,33
09309826016,Rudolfo,Zelner,Male,28
23089358191,Bernardo,Spinetti,Male,92
63009338051,Rowland,Huyche,Male,25
14407912363,Hastie,Kluge,Male,31
31890366013,Oliver,Jansey,Male,32
92738429979,Adriaens,Dachey,Female,48
08932081317,Wylma,Pirkis,Female,100
04738464930,Natalya,Gwalter,Female,100
47956909530,Harlen,Greneham,Male,36
36045680457,Johny,Klehyn,Male,36
01810083994,Claiborne,Scorer,Male,66
79175384421,Belvia,Jersh,Female,41
45500840302,Carmencita,Gillfillan,Female,62
12214293433,Tim,Batrip,Female,21
03010854792,Vida,Lambis,Female,57
67124740601,Cammy,Causnett,Male,68
76548656338,Torey,Impett,Female,2
53305976686,Holmes,Hedden,Male,67
86484285621,Smitty,Pearce,Male,52
33508941040,Lambert,Lynam,Male,21
42953783362,Alta,Highman,Female,61
60649430934,Sophie,O'Reilly,Female,32
78259484861,Marga,Kulvear,Female,3
22780547198,Hamilton,Kilminster,Male,31
36962294313,Feodora,Skeech,Female,81
69097414367,Efren,Quimby,Male,47
00521267508,Perren,Thick,Male,26
57277430823,Sadie,Duligall,Female,11
93550417032,Leighton,Bradlaugh,Male,18
33250638873,Lorin,Whittlesey,Male,4
10518876194,Gracie,Allnutt,Female,59
70850569580,Hurlee,Godlonton,Male,24
53464386108,Gris,Twallin,Male,4
54453156728,Juliane,Wharram,Female,22
02315253793,Freedman,Lock,Male,28
39247611290,Mathilda,Chesney,Female,21
79999721725,Lotti,Hawthorn,Female,9
90173819165,Reinaldo,Audibert,Male,4
25873458808,Demetre,Matelaitis,Male,47
96950097366,Nanni,Hoopper,Female,59
56109080757,Bartholomeo,Plant,Male,15
71312385747,Cathrine,Klaiser,Female,29
40675869366,Joyann,Dumbar,Female,92
33457066478,Hailee,Whiscard,Female,35
85323426165,Marylee,Tegler,Female,97
57046597288,Jacklin,Eichmann,Female,15
34069684020,Niven,Visco,Male,54
26830772991,Randal,Lacey,Male,55
88760515944,Barb,Scruby,Female,69
13024207941,Guinna,Wiffill,Female,87
84565854255,Abigael,Lorraine,Female,70
73455501927,Sharona,Hosier,Female,79
35693450795,Hillary,Awton,Male,78
48071261862,Alejandrina,Bonnefin,Female,60
11753490567,Vidovik,Harmon,Male,9
06616666549,Del,Sambells,Female,86
27860360625,Kalinda,Borrett,Female,63
53946769019,Johnathan,Corbally,Male,35
23310027621,Dory,Gidney,Female,40
84925630732,Natala,Tett,Female,4
64790653623,Garrett,Pesak,Male,78
73021873462,Zacharias,Curro,Male,55
09071203099,Izaak,Spellsworth,Male,77
83811757534,Teddy,Quin,Male,2
58452698159,Frayda,Aldhouse,Female,88
99472935019,Erina,Lempel,Female,69
18345637277,Sergei,Zellner,Male,4
68038600163,Corella,Dunstall,Female,70
88085704655,Lissie,Bigrigg,Female,67
62722156262,Brien,Nunn,Male,73
30877453791,Michele,Kaygill,Female,34
57388948395,Mora,Krysiak,Female,83
99604110494,Eldin,Karolewski,Male,41
67785323802,Rowland,Gleadhell,Male,49
96893592105,Elias,Spruce,Male,22
00427289793,Bartel,Bancroft,Male,69
02089375134,Denys,Neesam,Female,19
98828524517,Myles,Colten,Male,62
01840258417,Heath,Cockshot,Female,66
79890244743,Griffie,Linkleter,Male,84
99530716970,Zarah,Klazenga,Female,18
96668520023,Kippie,Schiesterl,Female,28
67664644748,Nikola,Frankiewicz,Male,10
38899343060,Caprice,Pyne,Female,40
79522637183,Kipper,Extil,Male,15
74525863227,Bobbe,Cowdery,Female,4
50125149014,Sharline,Orae,Female,77
86904314136,Sauveur,Nellies,Male,15
64919663524,Burnard,Solway,Male,35
89528191486,Corey,Leason,Female,59
63047884851,Allsun,Sleford,Female,80
03156235983,Caye,Rossiter,Female,40
68204734229,Galvan,McCrorie,Male,47
34582744516,Eydie,Demschke,Female,68
40407925380,Adam,Isbell,Male,28
46515975471,Inessa,Ivanovic,Female,72
71845510538,Karola,Goodings,Female,91
19584043265,Devy,McKinty,Male,4
31599260586,Nicholle,Kirdsch,Female,6
10467000739,Elaine,Kilius,Female,88
91837008195,Oriana,Mullane,Female,31
23796150378,Ardelia,Olivello,Female,93
86135415204,Odille,Kunrad,Female,61
32953610663,Arlyn,Righy,Female,45
38931451934,Clarine,Dalgliesh,Female,88
57899526224,Myrilla,Dibbe,Female,51
85597283823,Corrine,Wallington,Female,72
44275431838,Violet,Farington,Female,18
00184301514,Suzi,Janisson,Female,20
34568100589,Lulita,Sloley,Female,60
39868367664,Antons,Barajaz,Male,95
61115084877,Frederigo,Striker,Male,55
09335073974,Giselle,Bartomeu,Female,4
30304543027,Harmonie,Boykett,Female,47
34004828482,Wendel,Thowes,Male,70
27622794800,Angelika,Renals,Female,34
85439595429,Raymund,Gather,Male,61
12207695844,Mateo,Munnings,Male,69
30366411104,Chaddy,O'Garmen,Male,93
17065008861,Patrica,Spinks,Female,52
44704216668,Lou,Plumridge,Female,67
14864966119,Neill,Dearnley,Male,57
13260745207,Ninette,Bleakley,Female,38
94601518516,Milt,Le Huquet,Male,83
99309109299,Alf,Mozzetti,Male,11
82163413897,Chevy,Tape,Male,7
10622520426,Hyacinthie,Ethridge,Female,65
19746948688,Kristel,Drewell,Female,87
07295029575,Brnaba,Mankor,Male,42
20046285324,Romy,Jansen,Female,18
23743017359,Emelina,Ysson,Female,68
47781908524,Inga,Polye,Female,38
91130528747,Vidovik,Gaskell,Male,25
57182464164,Tobias,Lakin,Male,52
36543961426,Agnella,Taborre,Female,82
91481766325,Camel,Bartlam,Female,33
67450949500,Annissa,Capeling,Female,62
60196809556,Cathrin,Gilford,Female,61
33125806402,Corrina,MacCard,Female,58
82341836163,Yolane,Point,Female,28
68023470903,Brandtr,Travers,Male,60
07054392470,Alfredo,Hawkett,Male,100
76159321694,Gladi,Hale,Female,70
79906692829,Jasen,Keach,Male,23
04281310706,Rozanna,Pellamont,Female,74
30966496639,Aurelia,Mitkov,Female,90
77655695111,Pancho,Neasham,Male,59
13425131234,Cyndia,Cuddehy,Female,93
22945508264,Allyson,O'Spillane,Female,98
90538796113,Annie,Pluvier,Female,90
18978214494,Bunny,Maase,Female,19
40424741027,Christophorus,Edgecumbe,Male,99
29446128984,Melva,Hawgood,Female,11
77751847618,Salomone,Rodson,Male,66
94186132214,Martita,Please,Female,82
50691763755,Rosie,Dowthwaite,Female,42
84587081266,Cordy,Blood,Female,55
73360367759,Gianina,Garrelts,Female,40
21688395653,Ennis,Ghilardini,Male,70
68614767230,Codie,Basillon,Female,16
88523425082,Halley,Struthers,Female,66
62742989491,Pearle,Meco,Female,52
84358768552,Fidel,Pane,Male,48
28395061532,Maryjo,Okenfold,Female,25
59255666751,Rickert,Camel,Male,89
20634787818,Gus,Storer,Male,62
69168323253,Perceval,Eynaud,Male,77
59746975425,Batsheva,Sivorn,Female,95
57580180350,Kippy,Beswick,Male,70
38429595098,Waneta,Rosling,Female,98
30514567398,Heywood,Harms,Male,57
64380907784,Carey,Ridulfo,Male,71
53020214581,Stearne,Gulberg,Male,75
96601042543,Roarke,McGow,Male,54
46030538389,Skipton,Beaford,Male,33
57961305274,Guido,Seal,Male,70
87283788947,Eolande,Daft,Female,79
53946289322,Harvey,Slograve,Male,34
27720007029,Lulu,Pyffe,Female,20
56831863164,Ximenez,Musterd,Male,69
56582785008,Kristoforo,Couling,Male,43
10796349736,Micah,Mathie,Male,68
58326569283,Demeter,Stennes,Female,4
19377629861,Sydelle,Haldin,Female,69
89831098877,Gasper,Pask,Male,32
31025603916,Darrel,Duckworth,Male,77
96057540989,Mayer,Laver,Male,45
12319687772,Clarance,Turbitt,Male,10
94226363512,Bekki,Hans,Female,1
60704358176,Bette-ann,Ellingworth,Female,60
10092066888,Corby,Ronnay,Male,41
85329805683,Raul,Burlingame,Male,100
74416478146,Theo,Poland,Female,5
86870425343,Louie,Valti,Male,32
00114681371,Mikaela,Vannini,Female,28
97799217684,Alysa,Rosen,Female,47
91386747131,Demetris,Dumbrill,Female,36
37676741742,Carolyn,Foskett,Female,67
10030582031,Ben,Rawne,Male,66
82902931188,Kimbell,Bletcher,Male,51
01630907928,Korey,Jacob,Male,93
38166325639,Monty,Crankshaw,Male,67
84969527355,Garret,Beagen,Male,62
24500141021,Averyl,Harling,Female,23
32207277568,Dniren,Leathes,Female,100
10093405011,Starr,Ledingham,Female,100
11839240766,Byrle,Gallifont,Male,2
03450562725,Porter,Vanetti,Male,68
91290903981,Cindra,McGaughey,Female,93
36160899059,Gothart,Despenser,Male,50
43414716182,Kylen,Latus,Female,100
56797612164,Jasmine,Draysey,Female,95
29954833475,Wallache,Keems,Male,85
11193466705,Vail,Moatt,Male,14
19900126951,Elmira,Halfacree,Female,80
01966806048,Brade,Thrift,Male,26
80583798122,Dieter,Sommerlin,Male,79
04494556601,Korney,Tramel,Female,39
23231339763,Tomi,Plessing,Female,35
07313702720,Rick,Hegarty,Male,95
58174546546,Vivienne,Quarless,Female,73
51891255424,Dougie,Menco,Male,97
25523348449,Karola,Jeannequin,Female,37
48260573776,Saunders,Partkya,Male,44
59777157202,Marlena,Cumberpatch,Female,35
55415914033,Heriberto,Cestard,Male,21
22950146534,Gardener,Muslim,Male,39
95993258620,Christy,Pulfer,Male,48
59315231640,Conny,Woolnough,Male,88
18397792526,Debor,Cremen,Female,59
98002583163,Megen,Veysey,Female,50
68061594685,Hewitt,Boodle,Male,56
15283615512,Dominic,Coverdill,Male,28
83204836233,Jobey,Stanes,Female,100
33189966617,Iona,Slaight,Female,24
87617195354,Norry,Ziemsen,Male,71
45359276875,Keen,Paris,Male,72
57429132860,Stafford,Blankau,Male,89
88198050680,Andeee,Questier,Female,67
70665461613,Brander,Tring,Male,4
53830605209,Yalonda,Cayet,Female,31
86380402333,Matteo,Watkiss,Male,53
78662356650,Joice,Newby,Female,64
57861190330,Angie,Stutely,Male,87
77584890739,Janene,Dronsfield,Female,69
88295860644,Ibbie,Metson,Female,3
60603179822,Ricky,Bentzen,Female,92
38206145914,Alf,Soppit,Male,68
13119245150,Dru,Freddi,Male,34
72732320387,Westbrook,Theze,Male,40
62194239187,Lydia,Karran,Female,5
76834052288,Sara,Fosdick,Female,76
39892394502,Homere,Maxsted,Male,75
95886795602,Mikael,Farn,Male,18
52017853364,Milty,Dalliwatr,Male,87
63005007958,Freddi,Waghorne,Female,49
44346685748,Elisa,Spellar,Female,23
14712760234,Issy,Waterman,Female,62
61846183797,Una,Franceschino,Female,40
75944150104,Cody,Locock,Male,85
26301263908,Bernardine,Johnikin,Female,39
82771775355,Addison,Ickov,Male,48
51565474213,Oswell,Stallworth,Male,85
58503780508,Winona,Almon,Female,94
45366496772,Joscelin,Dimmne,Female,1
16310846629,Forrest,Huggan,Male,66
10469849759,Davidde,Liepins,Male,17
88170522440,Giulio,Fewell,Male,92
51544255903,Eb,Edess,Male,92
88875832213,Eduino,Sabbins,Male,100
